CODBARRAS;CATEGORIA;NOME PRODUTO;FAMILIA;COD SFA
7896380600649;COLORAÇÃO TEMPORÁRIA;KERATON B BRILHO PETROLEO;COLORAÇÃO;4000
789638060064;COLORAÇÃO TEMPORÁRIA;KERATON B BRILHO PETROLEO;COLORAÇÃO;4000
7896380602155;COLORAÇÃO TEMPORÁRIA;KERATON B BRILHO JABUTICABA;COLORAÇÃO;4001
789638060215;COLORAÇÃO TEMPORÁRIA;KERATON B BRILHO JABUTICABA;COLORAÇÃO;4001
7896380600656;COLORAÇÃO TEMPORÁRIA;KERATON B BRILHO CHOCOLATE;COLORAÇÃO;4002
789638060065;COLORAÇÃO TEMPORÁRIA;KERATON B BRILHO CHOCOLATE;COLORAÇÃO;4002
7896380600397;COLORAÇÃO TEMPORÁRIA;KERATON B BRILHO CASTANHA;COLORAÇÃO;4003
789638060039;COLORAÇÃO TEMPORÁRIA;KERATON B BRILHO CASTANHA;COLORAÇÃO;4003
7896380602209;COLORAÇÃO TEMPORÁRIA;KERATON B BRILHO PRATA;COLORAÇÃO;4004
789638060220;COLORAÇÃO TEMPORÁRIA;KERATON B BRILHO PRATA;COLORAÇÃO;4004
7896380600687;COLORAÇÃO TEMPORÁRIA;KERATON B BRILHO GRAFITE;COLORAÇÃO;4005
789638060068;COLORAÇÃO TEMPORÁRIA;KERATON B BRILHO GRAFITE;COLORAÇÃO;4005
7896380605705;COLORAÇÃO TEMPORÁRIA;KERATON B BRILHO ICE;COLORAÇÃO;4006
789638060570;COLORAÇÃO TEMPORÁRIA;KERATON B BRILHO ICE;COLORAÇÃO;4006
7896380604142;COLORAÇÃO TEMPORÁRIA;KERATON B BRILHO PLATINA;COLORAÇÃO;4007
789638060414;COLORAÇÃO TEMPORÁRIA;KERATON B BRILHO PLATINA;COLORAÇÃO;4007
7896380600380;COLORAÇÃO TEMPORÁRIA;KERATON B BRILHO PASTEL;COLORAÇÃO;4008
789638060038;COLORAÇÃO TEMPORÁRIA;KERATON B BRILHO PASTEL;COLORAÇÃO;4008
7896380601639;COLORAÇÃO TEMPORÁRIA;KERATON B BRILHO TRIGO;COLORAÇÃO;4009
789638060163;COLORAÇÃO TEMPORÁRIA;KERATON B BRILHO TRIGO;COLORAÇÃO;4009
7896380602162;COLORAÇÃO TEMPORÁRIA;KERATON B BRILHO CAFE;COLORAÇÃO;4010
789638060216;COLORAÇÃO TEMPORÁRIA;KERATON B BRILHO CAFE;COLORAÇÃO;4010
7896380604708;COLORAÇÃO TEMPORÁRIA;KERATON B BRILHO CAFE EXPRESSO;COLORAÇÃO;4011
789638060470;COLORAÇÃO TEMPORÁRIA;KERATON B BRILHO CAFE EXPRESSO;COLORAÇÃO;4011
7896380603596;COLORAÇÃO TEMPORÁRIA;KERATON B BRILHO CAPUCCINO;COLORAÇÃO;4013
789638060359;COLORAÇÃO TEMPORÁRIA;KERATON B BRILHO CAPUCCINO;COLORAÇÃO;4013
7896380606986;COLORAÇÃO TEMPORÁRIA;KERATON B BRILHO AVELA;COLORAÇÃO;4014
789638060698;COLORAÇÃO TEMPORÁRIA;KERATON B BRILHO AVELA;COLORAÇÃO;4014
7896380606993;COLORAÇÃO TEMPORÁRIA;KERATON B BRILHO MOCACCINO;COLORAÇÃO;4015
789638060699;COLORAÇÃO TEMPORÁRIA;KERATON B BRILHO MOCACCINO;COLORAÇÃO;4015
7896380600663;COLORAÇÃO TEMPORÁRIA;KERATON B BRILHO CANELA;COLORAÇÃO;4016
7896380601103;COLORAÇÃO TEMPORÁRIA;KERATON B BRILHO COBRE;COLORAÇÃO;4017
789638060110;COLORAÇÃO TEMPORÁRIA;KERATON B BRILHO COBRE;COLORAÇÃO;4017
7896380604722;COLORAÇÃO TEMPORÁRIA;KERATON B BRILHO CONHAQUE;COLORAÇÃO;4018
789638060472;COLORAÇÃO TEMPORÁRIA;KERATON B BRILHO CONHAQUE;COLORAÇÃO;4018
7896380607327;COLORAÇÃO TEMPORÁRIA;KERATON B BRILHO SCARLET;COLORAÇÃO;4019
789638060732;COLORAÇÃO TEMPORÁRIA;KERATON B BRILHO SCARLET;COLORAÇÃO;4019
7896380604715;COLORAÇÃO TEMPORÁRIA;KERATON B BRILHO MARSALA;COLORAÇÃO;4020
789638060471;COLORAÇÃO TEMPORÁRIA;KERATON B BRILHO MARSALA;COLORAÇÃO;4020
7896380614127;COLORAÇÃO TEMPORÁRIA;KERATON BANHO DE BRILHO MARSALA DIVA;COLORAÇÃO;4020
7896380605774;COLORAÇÃO TEMPORÁRIA;KERATON B BRILHO CARVAO;COLORAÇÃO;4022
7896380615063;COLORAÇÃO TEMPORÁRIA;KERATON B BRILHO CARVAO;COLORAÇÃO;4022
789638060577;COLORAÇÃO TEMPORÁRIA;KERATON B BRILHO CARVAO;COLORAÇÃO;4022
7896380605699;COLORAÇÃO TEMPORÁRIA;KERATON B BRILHO GRANNY;COLORAÇÃO;4023
789638060569;COLORAÇÃO TEMPORÁRIA;KERATON B BRILHO GRANNY;COLORAÇÃO;4023
7896380603558;COLORAÇÃO TEMPORÁRIA;KERATON B BRILHO MEL;COLORAÇÃO;4024
789638060355;COLORAÇÃO TEMPORÁRIA;KERATON B BRILHO MEL;COLORAÇÃO;4024
7896380660933;COLORAÇÃO TEMPORÁRIA;KERATON B BRILHO CARAMELO;COLORAÇÃO;4025
789638066093;COLORAÇÃO TEMPORÁRIA;KERATON B BRILHO CARAMELO;COLORAÇÃO;4025
7896380660940;COLORAÇÃO TEMPORÁRIA;KERATON B BRILHO DOURADO;COLORAÇÃO;4026
789638066094;COLORAÇÃO TEMPORÁRIA;KERATON B BRILHO DOURADO;COLORAÇÃO;4026
7896380605224;COLORAÇÃO TEMPORÁRIA FASHION;HARD COLOR INDIGO BLUE GRÁTIS HARD FIX;COLORAÇÃO;4100
7896380604197;COLORAÇÃO TEMPORÁRIA FASHION;KERATON HARD INDIE BLUE;COLORAÇÃO;4100
7896380605231;COLORAÇÃO TEMPORÁRIA FASHION;HARD COLOR PANTY ROSE GRATIS HARD FIX;COLORAÇÃO;4101
7896380604180;COLORAÇÃO TEMPORÁRIA FASHION;KERATON HARD PANTY ROSE;COLORAÇÃO;4101
7896380605194;COLORAÇÃO TEMPORÁRIA FASHION;HARD COLOR CULT RED GRÁTIS HARD FIX;COLORAÇÃO;4102
7896380602995;COLORAÇÃO TEMPORÁRIA FASHION;KERATON HARD CULT RED;COLORAÇÃO;4102
789638060299;COLORAÇÃO TEMPORÁRIA FASHION;KERATON HARD CULT RED;COLORAÇÃO;4102
7896380605187;COLORAÇÃO TEMPORÁRIA FASHION;HARD COLOR ECSTASY BLUE GRÁTIS HARD FIX;COLORAÇÃO;4103
7896380602940;COLORAÇÃO TEMPORÁRIA FASHION;KERATON HARD ECSTASY BLUE;COLORAÇÃO;4103
789638060294;COLORAÇÃO TEMPORÁRIA FASHION;KERATON HARD ECSTASY BLUE;COLORAÇÃO;4103
7896380605255;COLORAÇÃO TEMPORÁRIA FASHION;HARD COLOR DIESEL GREEN GRÁTIS HARD FIX;COLORAÇÃO;4104
7896380602964;COLORAÇÃO TEMPORÁRIA FASHION;KERATON HARD DIESEL GREEN;COLORAÇÃO;4104
789638060296;COLORAÇÃO TEMPORÁRIA FASHION;KERATON HARD DIESEL GREEN;COLORAÇÃO;4104
7896380602971;COLORAÇÃO TEMPORÁRIA FASHION;KERATON HARD PSY YELLOW;COLORAÇÃO;4105
7896380602988;COLORAÇÃO TEMPORÁRIA FASHION;KERATON HARD CRAZY ORANGE;COLORAÇÃO;4106
7896380605170;COLORAÇÃO TEMPORÁRIA FASHION;HARD COLOR ULTRA VIOLET GRÁTIS HARD FIX;COLORAÇÃO;4107
7896380602933;COLORAÇÃO TEMPORÁRIA FASHION;KERATON HARD ULTRA VIOLET;COLORAÇÃO;4107
789638060293;COLORAÇÃO TEMPORÁRIA FASHION;KERATON HARD ULTRA VIOLET;COLORAÇÃO;4107
7896380603015;COLORAÇÃO TEMPORÁRIA FASHION;KERATON HARD INSANE PINK;COLORAÇÃO;4108
789638060301;COLORAÇÃO TEMPORÁRIA FASHION;KERATON HARD INSANE PINK;COLORAÇÃO;4108
7896380605200;COLORAÇÃO TEMPORÁRIA FASHION;HARD COLOR URBAN PURPLE GRÁTIS HARD FIX;COLORAÇÃO;4109
7896390803008;COLORAÇÃO TEMPORÁRIA FASHION;KERATON HARD COLOR URBAN PURPLE;COLORAÇÃO;4109
7896380603008;COLORAÇÃO TEMPORÁRIA FASHION;KERATON HARD URBAN PURPLE;COLORAÇÃO;4109
7896380602926;COLORAÇÃO TEMPORÁRIA FASHION;KERATON HARD POLAR ICE;COLORAÇÃO;4110
789638060292;COLORAÇÃO TEMPORÁRIA FASHION;KERATON HARD POLAR ICE;COLORAÇÃO;4110
7896380605491;COLORAÇÃO TEMPORÁRIA FASHION;KERATON HARD TURKISS BLUE;COLORAÇÃO;4111
7896380605811;COLORAÇÃO TEMPORÁRIA FASHION;KERATON HARD ABSYNTH OCEAN;COLORAÇÃO;4112
7896380607228;COLORAÇÃO TEMPORÁRIA FASHION;KERATON HARD HEROES BLUE;COLORAÇÃO;4113
789638060722;COLORAÇÃO TEMPORÁRIA FASHION;KERATON HARD HEROES BLUE;COLORAÇÃO;4113
7896380607259;COLORAÇÃO TEMPORÁRIA FASHION;KERATON HARD HOT PINK;COLORAÇÃO;4114
789638060725;COLORAÇÃO TEMPORÁRIA FASHION;KERATON HARD HOT PINK;COLORAÇÃO;4114
7896380607235;COLORAÇÃO TEMPORÁRIA FASHION;KERATON HARD PURE MAGENT;COLORAÇÃO;4115
7896380606337;COLORAÇÃO TEMP FASHION NEON;KERATON NEON URAN BLUE;COLORAÇÃO;4200
789638060633;COLORAÇÃO TEMP FASHION NEON;KERATON NEON URAN BLUE;COLORAÇÃO;4200
7896380606344;COLORAÇÃO TEMP FASHION NEON;KERATON NEON ATOMIC PINK;COLORAÇÃO;4201
789638060634;COLORAÇÃO TEMP FASHION NEON;KERATON NEON ATOMIC PINK;COLORAÇÃO;4201
7896380606306;COLORAÇÃO TEMP FASHION NEON;KERATON NEON RED FUSION;COLORAÇÃO;4202
789638060630;COLORAÇÃO TEMP FASHION NEON;KERATON NEON RED FUSION;COLORAÇÃO;4202
7896380606320;COLORAÇÃO TEMP FASHION NEON;KERATON NEON LUMI LAVANDER;COLORAÇÃO;4203
789638060632;COLORAÇÃO TEMP FASHION NEON;KERATON NEON LUMI LAVANDER;COLORAÇÃO;4203
7896380606290;COLORAÇÃO TEMP FASHION NEON;KERATON NEON KRIPTO GREEN;COLORAÇÃO;4204
7896380606313;COLORAÇÃO TEMP FASHION NEON;KERATON NEON NUCLEAR ORANGE;COLORAÇÃO;4205
7896380606283;COLORAÇÃO TEMP FASHION NEON;KERATON NEON PLUTONIC YELLOW;COLORAÇÃO;4206
7896380607280;COLORAÇÃO TEMP FASHION NEON;KERATON NEON LASER MAGENTA;COLORAÇÃO;4207
7896380607303;COLORAÇÃO TEMP FASHION NEON;KERATON NEON NITRO VIOLET;COLORAÇÃO;4209
789638060730;COLORAÇÃO TEMP FASHION NEON;KERATON NEON NITRO VIOLET;COLORAÇÃO;4209
7896380603473;COLORAÇÃO SEMI PERMANENTE MEN;KERATON MEN CASTANHO ESCURO;COLORAÇÃO;4450
7896380604562;COLORAÇÃO SEMI PERMANENTE MEN;KIT KERATON MEN CASTANHO ESCURO / SHAMPOO;COLORAÇÃO;4450
789638060347;COLORAÇÃO SEMI PERMANENTE MEN;KERATON MEN CASTANHO ESCURO;COLORAÇÃO;4450
7896380604579;COLORAÇÃO SEMI PERMANENTE MEN;KIT KERATON MEN CASTANHO MEDIO / SHAMPOO;COLORAÇÃO;4451
7896380603480;COLORAÇÃO SEMI PERMANENTE MEN;KERATON MEN CASTANHO MEDIO;COLORAÇÃO;4451
789638060348;COLORAÇÃO SEMI PERMANENTE MEN;KERATON MEN CASTANHO MEDIO;COLORAÇÃO;4451
7896380603497;COLORAÇÃO SEMI PERMANENTE MEN;KERATON MEN CASTANHO CLARO;COLORAÇÃO;4452
7896380604586;COLORAÇÃO SEMI PERMANENTE MEN;KERATON MEN CASTANHO CLARO;COLORAÇÃO;4452
789638060349;COLORAÇÃO SEMI PERMANENTE MEN;KERATON MEN CASTANHO CLARO;COLORAÇÃO;4452
7896380603503;COLORAÇÃO SEMI PERMANENTE MEN;KERATON MEN LOURO ESCURO;COLORAÇÃO;4453
7896380604593;COLORAÇÃO SEMI PERMANENTE MEN;KERATON MEN LOURO ESCURO;COLORAÇÃO;4453
789638060350;COLORAÇÃO SEMI PERMANENTE MEN;KERATON MEN LOURO ESCURO;COLORAÇÃO;4453
7896380603510;COLORAÇÃO SEMI PERMANENTE MEN;KERATON MEN CINZA NATURAL;COLORAÇÃO;4454
7896380604609;COLORAÇÃO SEMI PERMANENTE MEN;KERATON MEN CINZA NATURAL;COLORAÇÃO;4454
7896380604753;COLORAÇÃO PERMANENTE;KERATON DUAL BLOCK 1.0;COLORAÇÃO;4500
789638060475;COLORAÇÃO PERMANENTE;KERATON DUAL BLOCK 1.0;COLORAÇÃO;4500
7896380606573;COLORAÇÃO PERMANENTE;KERATON DUAL BLOCK 2.0;COLORAÇÃO;4501
789638060657;COLORAÇÃO PERMANENTE;KERATON DUAL BLOCK 2.0;COLORAÇÃO;4501
7896380604760;COLORAÇÃO PERMANENTE;KERATON DUAL BLOCK 3.0;COLORAÇÃO;4502
789638060476;COLORAÇÃO PERMANENTE;KERATON DUAL BLOCK 3.0;COLORAÇÃO;4502
7896380604777;COLORAÇÃO PERMANENTE;KERATON DUAL BLOCK 4.0;COLORAÇÃO;4503
789638060477;COLORAÇÃO PERMANENTE;KERATON DUAL BLOCK 4.0;COLORAÇÃO;4503
7896380604784;COLORAÇÃO PERMANENTE;KERATON DUAL BLOCK 5.0;COLORAÇÃO;4504
789638060478;COLORAÇÃO PERMANENTE;KERATON DUAL BLOCK 5.0;COLORAÇÃO;4504
7896380604791;COLORAÇÃO PERMANENTE;KERATON DUAL BLOCK 6.0;COLORAÇÃO;4505
789638064982;COLORAÇÃO PERMANENTE;KERATON DUAL BLOCK 6.0;COLORAÇÃO;4505
789638060479;COLORAÇÃO PERMANENTE;KERATON DUAL BLOCK 6.0;COLORAÇÃO;4505
7896380604807;COLORAÇÃO PERMANENTE;KERATON DUAL BLOCK 7.0;COLORAÇÃO;4506
789638060480;COLORAÇÃO PERMANENTE;KERATON DUAL BLOCK 7.0;COLORAÇÃO;4506
7896380604814;COLORAÇÃO PERMANENTE;KERATON DUAL BLOCK 8.0;COLORAÇÃO;4507
789638060481;COLORAÇÃO PERMANENTE;KERATON DUAL BLOCK 8.0;COLORAÇÃO;4507
7896380604821;COLORAÇÃO PERMANENTE;KERATON DUAL BLOCK 9.0;COLORAÇÃO;4508
789638060482;COLORAÇÃO PERMANENTE;KERATON DUAL BLOCK 9.0;COLORAÇÃO;4508
7896380604869;COLORAÇÃO PERMANENTE;KERATON DUAL BLOCK 5.1;COLORAÇÃO;4510
789638060486;COLORAÇÃO PERMANENTE;KERATON DUAL BLOCK 5.1;COLORAÇÃO;4510
7896380604876;COLORAÇÃO PERMANENTE;KERATON DUAL BLOCK 6.1;COLORAÇÃO;4511
7896380604883;COLORAÇÃO PERMANENTE;KERATON DUAL BLOCK 7.1;COLORAÇÃO;4512
789638060488;COLORAÇÃO PERMANENTE;KERATON DUAL BLOCK 7.1;COLORAÇÃO;4512
7896380606580;COLORAÇÃO PERMANENTE;KERATON DUAL BLOCK 8.1;COLORAÇÃO;4513
789638060658;COLORAÇÃO PERMANENTE;KERATON DUAL BLOCK 8.1;COLORAÇÃO;4513
7896380604890;COLORAÇÃO PERMANENTE;KERATON DUAL BLOCK 9.1;COLORAÇÃO;4514
789638060489;COLORAÇÃO PERMANENTE;KERATON DUAL BLOCK 9.1;COLORAÇÃO;4514
7896380605484;COLORAÇÃO PERMANENTE;KERATON DUAL BLOCK 6.26;COLORAÇÃO;4519
789638060548;COLORAÇÃO PERMANENTE;KERATON DUAL BLOCK 6.26;COLORAÇÃO;4519
7896380604913;COLORAÇÃO PERMANENTE;KERATON DUAL BLOCK 7.3;COLORAÇÃO;4521
789638060491;COLORAÇÃO PERMANENTE;KERATON DUAL BLOCK 7.3;COLORAÇÃO;4521
7896380604951;COLORAÇÃO PERMANENTE;KERATON DUAL BLOCK 7.47;COLORAÇÃO;4524
789638060495;COLORAÇÃO PERMANENTE;KERATON DUAL BLOCK 7.47;COLORAÇÃO;4524
7896380606658;COLORAÇÃO PERMANENTE;KERATON DUAL BLOCK 7.4;COLORAÇÃO;4525
789638060665;COLORAÇÃO PERMANENTE;KERATON DUAL BLOCK 7.4;COLORAÇÃO;4525
7896380606665;COLORAÇÃO PERMANENTE;KERATON DUAL BLOCK 8.4;COLORAÇÃO;4526
789638060666;COLORAÇÃO PERMANENTE;KERATON DUAL BLOCK 8.4;COLORAÇÃO;4526
7896380607136;COLORAÇÃO PERMANENTE;KERATON DUAL BLOCK 9.4;COLORAÇÃO;4527
7896380604937;COLORAÇÃO PERMANENTE;KERATON DUAL BLOCK 8.34;COLORAÇÃO;4528
789638060493;COLORAÇÃO PERMANENTE;KERATON DUAL BLOCK 8.34;COLORAÇÃO;4528
7896380604968;COLORAÇÃO PERMANENTE;KERATON DUAL BLOCK 4.65;COLORAÇÃO;4529
7896380604975;COLORAÇÃO PERMANENTE;KERATON DUAL BLOCK 5.62;COLORAÇÃO;4530
789638060497;COLORAÇÃO PERMANENTE;KERATON DUAL BLOCK 5.62;COLORAÇÃO;4530
7896380604982;COLORAÇÃO PERMANENTE;KERATON DUAL BLOCK 6.62;COLORAÇÃO;4531
789638060498;COLORAÇÃO PERMANENTE;KERATON DUAL BLOCK 6.62;COLORAÇÃO;4531
7896380604999;COLORAÇÃO PERMANENTE;KERATON DUAL BLOCK 6.66;COLORAÇÃO;4532
789638060499;COLORAÇÃO PERMANENTE;KERATON DUAL BLOCK 6.66;COLORAÇÃO;4532
7896380605002;COLORAÇÃO PERMANENTE;KERATON DUAL BLOCK 7.66;COLORAÇÃO;4533
7897890312350;COLORAÇÃO PERMANENTE;KERATON DUAL BLOCK 7.66;COLORAÇÃO;4533
789638060500;COLORAÇÃO PERMANENTE;KERATON DUAL BLOCK 7.66;COLORAÇÃO;4533
7896380605033;COLORAÇÃO PERMANENTE;KERATON DUAL BLOCK 6.7;COLORAÇÃO;4535
789638060503;COLORAÇÃO PERMANENTE;KERATON DUAL BLOCK 6.7;COLORAÇÃO;4535
7896380605040;COLORAÇÃO PERMANENTE;KERATON DUAL BLOCK 7.7;COLORAÇÃO;4536
789638060504;COLORAÇÃO PERMANENTE;KERATON DUAL BLOCK 7.7;COLORAÇÃO;4536
7896380605057;COLORAÇÃO PERMANENTE;KERATON DUAL BLOCK 6.77;COLORAÇÃO;4537
789638060505;COLORAÇÃO PERMANENTE;KERATON DUAL BLOCK 6.77;COLORAÇÃO;4537
7896380605064;COLORAÇÃO PERMANENTE;KERATON DUAL BLOCK 7.77;COLORAÇÃO;4538
789638060506;COLORAÇÃO PERMANENTE;KERATON DUAL BLOCK 7.77;COLORAÇÃO;4538
7896380605071;COLORAÇÃO PERMANENTE;KERATON DUAL BLOCK 12.11;COLORAÇÃO;4540
789638060507;COLORAÇÃO PERMANENTE;KERATON DUAL BLOCK 12.11;COLORAÇÃO;4540
7896380605088;COLORAÇÃO PERMANENTE;KERATON DUAL BLOCK 12.89;COLORAÇÃO;4541
789638060508;COLORAÇÃO PERMANENTE;KERATON DUAL BLOCK 12.89;COLORAÇÃO;4541
7896380607167;COLORAÇÃO PERMANENTE;KERATON DUAL BLOCK 0.4;COLORAÇÃO;4544
7896380605101;COLORAÇÃO PERMANENTE;KERATON DUAL BLOCK 0.6;COLORAÇÃO;4545
789638060510;COLORAÇÃO PERMANENTE;KERATON DUAL BLOCK 0.6;COLORAÇÃO;4545
7896380603053;COLORAÇÃO SEMI PERMANENTE;KERATON DEMI COLOR 1.0;COLORAÇÃO;4600
789638060305;COLORAÇÃO SEMI PERMANENTE;KERATON DEMI COLOR 1.0;COLORAÇÃO;4600
7896380606214;COLORAÇÃO SEMI PERMANENTE;KERATON DEMI COLOR 2.0;COLORAÇÃO;4601
789638060621;COLORAÇÃO SEMI PERMANENTE;KERATON DEMI COLOR 2.0;COLORAÇÃO;4601
7896380603060;COLORAÇÃO SEMI PERMANENTE;KERATON DEMI COLOR 3.0;COLORAÇÃO;4602
789638060306;COLORAÇÃO SEMI PERMANENTE;KERATON DEMI COLOR 3.0;COLORAÇÃO;4602
7896380603077;COLORAÇÃO SEMI PERMANENTE;KERATON DEMI COLOR 4.0;COLORAÇÃO;4603
789638060307;COLORAÇÃO SEMI PERMANENTE;KERATON DEMI COLOR 4.0;COLORAÇÃO;4603
7896380603084;COLORAÇÃO SEMI PERMANENTE;KERATON DEMI COLOR 5.0;COLORAÇÃO;4604
789638060308;COLORAÇÃO SEMI PERMANENTE;KERATON DEMI COLOR 5.0;COLORAÇÃO;4604
7896380603091;COLORAÇÃO SEMI PERMANENTE;KERATON DEMI COLOR 6.0;COLORAÇÃO;4605
789638060309;COLORAÇÃO SEMI PERMANENTE;KERATON DEMI COLOR 6.0;COLORAÇÃO;4605
7896380603107;COLORAÇÃO SEMI PERMANENTE;KERATON DEMI COLOR 7.0;COLORAÇÃO;4606
789638060310;COLORAÇÃO SEMI PERMANENTE;KERATON DEMI COLOR 7.0;COLORAÇÃO;4606
7896380603114;COLORAÇÃO SEMI PERMANENTE;KERATON DEMI COLOR 8.0;COLORAÇÃO;4607
789638060311;COLORAÇÃO SEMI PERMANENTE;KERATON DEMI COLOR 8.0;COLORAÇÃO;4607
7896380603138;COLORAÇÃO SEMI PERMANENTE;KERATON DEMI COLOR 6.1;COLORAÇÃO;4608
789638060313;COLORAÇÃO SEMI PERMANENTE;KERATON DEMI COLOR 6.1;COLORAÇÃO;4608
7896380603145;COLORAÇÃO SEMI PERMANENTE;KERATON DEMI COLOR 7.1;COLORAÇÃO;4609
789638060314;COLORAÇÃO SEMI PERMANENTE;KERATON DEMI COLOR 7.1;COLORAÇÃO;4609
789638060614;COLORAÇÃO SEMI PERMANENTE;KERATON DEMI COLOR 7.1;COLORAÇÃO;4609
7896380603152;COLORAÇÃO SEMI PERMANENTE;KERATON DEMI COLOR 9.1;COLORAÇÃO;4610
789638060315;COLORAÇÃO SEMI PERMANENTE;KERATON DEMI COLOR 9.1;COLORAÇÃO;4610
7896380603220;COLORAÇÃO SEMI PERMANENTE;KERATON DEMI COLOR 6.47;COLORAÇÃO;4611
789638060322;COLORAÇÃO SEMI PERMANENTE;KERATON DEMI COLOR 6.47;COLORAÇÃO;4611
7896380603206;COLORAÇÃO SEMI PERMANENTE;KERATON DEMI COLOR 4.77;COLORAÇÃO;4612
789638060320;COLORAÇÃO SEMI PERMANENTE;KERATON DEMI COLOR 4.77;COLORAÇÃO;4612
7896380603213;COLORAÇÃO SEMI PERMANENTE;KERATON DEMI COLOR 5.7;COLORAÇÃO;4613
789638060321;COLORAÇÃO SEMI PERMANENTE;KERATON DEMI COLOR 5.7;COLORAÇÃO;4613
7896380603237;COLORAÇÃO SEMI PERMANENTE;KERATON DEMI COLOR 6.7;COLORAÇÃO;4614
789638060323;COLORAÇÃO SEMI PERMANENTE;KERATON DEMI COLOR 6.7;COLORAÇÃO;4614
7896380603251;COLORAÇÃO SEMI PERMANENTE;KERATON DEMI COLOR 7.89;COLORAÇÃO;4615
789638060325;COLORAÇÃO SEMI PERMANENTE;KERATON DEMI COLOR 7.89;COLORAÇÃO;4615
7896380603268;COLORAÇÃO SEMI PERMANENTE;KERATON DEMI COLOR 9.89;COLORAÇÃO;4616
7896380606153;COLORAÇÃO SEMI PERMANENTE;KERATON DEMI COLOR 4.54;COLORAÇÃO;4617
7896380606139;COLORAÇÃO SEMI PERMANENTE;KERATON DEMI COLOR 5.62;COLORAÇÃO;4618
789638060613;COLORAÇÃO SEMI PERMANENTE;KERATON DEMI COLOR 5.62;COLORAÇÃO;4618
7896380606122;COLORAÇÃO SEMI PERMANENTE;KERATON DEMI COLOR 6.66;COLORAÇÃO;4619
7896380607211;COLORAÇÃO SEMI PERMANENTE;KERATON DEMI COLOR 8.34;COLORAÇÃO;4622
789638060721;COLORAÇÃO SEMI PERMANENTE;KERATON DEMI COLOR 8.34;COLORAÇÃO;4622
7896380606207;COLORAÇÃO SEMI PERMANENTE;KERATON DEMI COLOR 7.44;COLORAÇÃO;4623
7896380606146;COLORAÇÃO SEMI PERMANENTE;KERATON DEMI COLOR 7.77;COLORAÇÃO;4624
7896380606184;COLORAÇÃO SEMI PERMANENTE;KERATON DEMI COLOR 8.12;COLORAÇÃO;4625
789638060618;COLORAÇÃO SEMI PERMANENTE;KERATON DEMI COLOR 8.12;COLORAÇÃO;4625
7896380606191;COLORAÇÃO SEMI PERMANENTE;KERATON DEMI COLOR 8.44;COLORAÇÃO;4626
7896380606832;COLORAÇÃO SEMI PERMANENTE;KERATON DEMI COLOR 6.26;COLORAÇÃO;4627
789638060683;COLORAÇÃO SEMI PERMANENTE;KERATON DEMI COLOR 6.26;COLORAÇÃO;4627
7896380606597;COLORAÇÃO SEMI PERMANENTE;KERATON DEMI COLOR 8.1;COLORAÇÃO;4628
789638060659;COLORAÇÃO SEMI PERMANENTE;KERATON DEMI COLOR 8.1;COLORAÇÃO;4628
7896380607204;COLORAÇÃO SEMI PERMANENTE;KERATON DEMI COLOR 12.111;COLORAÇÃO;4629
789638060720;COLORAÇÃO SEMI PERMANENTE;KERATON DEMI COLOR 12.111;COLORAÇÃO;4629
7896380605828;COLORAÇÃO PERMANENTE KIT;KERATON SELFIE 1.0;COLORAÇÃO;4700
789638060582;COLORAÇÃO PERMANENTE KIT;KERATON SELFIE 1.0;COLORAÇÃO;4700
7896380605835;COLORAÇÃO PERMANENTE KIT;KERATON SELFIE 2.0;COLORAÇÃO;4701
789638060583;COLORAÇÃO PERMANENTE KIT;KERATON SELFIE 2.0;COLORAÇÃO;4701
7896380605842;COLORAÇÃO PERMANENTE KIT;KERATON SELFIE 3.0;COLORAÇÃO;4702
789638060584;COLORAÇÃO PERMANENTE KIT;KERATON SELFIE 3.0;COLORAÇÃO;4702
7896380605859;COLORAÇÃO PERMANENTE KIT;KERATON SELFIE 4.0;COLORAÇÃO;4703
7896380615476;COLORAÇÃO PERMANENTE KIT;KERATON SELFIE 4.0;COLORAÇÃO;4703
789638060585;COLORAÇÃO PERMANENTE KIT;KERATON SELFIE 4.0;COLORAÇÃO;4703
7896380605866;COLORAÇÃO PERMANENTE KIT;KERATON SELFIE 5.0;COLORAÇÃO;4704
789638060586;COLORAÇÃO PERMANENTE KIT;KERATON SELFIE 5.0;COLORAÇÃO;4704
7896380605873;COLORAÇÃO PERMANENTE KIT;KERATON SELFIE 6.0;COLORAÇÃO;4705
789638060587;COLORAÇÃO PERMANENTE KIT;KERATON SELFIE 6.0;COLORAÇÃO;4705
7896380605880;COLORAÇÃO PERMANENTE KIT;KERATON SELFIE 7.0;COLORAÇÃO;4706
789638060588;COLORAÇÃO PERMANENTE KIT;KERATON SELFIE 7.0;COLORAÇÃO;4706
7896380605897;COLORAÇÃO PERMANENTE KIT;KERATON SELFIE 8.0;COLORAÇÃO;4707
789638060589;COLORAÇÃO PERMANENTE KIT;KERATON SELFIE 8.0;COLORAÇÃO;4707
7896380605903;COLORAÇÃO PERMANENTE KIT;KERATON SELFIE 9.0;COLORAÇÃO;4708
789638060590;COLORAÇÃO PERMANENTE KIT;KERATON SELFIE 9.0;COLORAÇÃO;4708
7896380605910;COLORAÇÃO PERMANENTE KIT;KERATON SELFIE 10.0;COLORAÇÃO;4709
789638060591;COLORAÇÃO PERMANENTE KIT;KERATON SELFIE 10.0;COLORAÇÃO;4709
7896380606672;COLORAÇÃO PERMANENTE KIT;KERATON SELFIE 5.1;COLORAÇÃO;4710
789638060667;COLORAÇÃO PERMANENTE KIT;KERATON SELFIE 5.1;COLORAÇÃO;4710
7896380605927;COLORAÇÃO PERMANENTE KIT;KERATON SELFIE 6.1;COLORAÇÃO;4711
789638060592;COLORAÇÃO PERMANENTE KIT;KERATON SELFIE 6.1;COLORAÇÃO;4711
7896380605934;COLORAÇÃO PERMANENTE KIT;KERATON SELFIE 7.1;COLORAÇÃO;4712
789638060593;COLORAÇÃO PERMANENTE KIT;KERATON SELFIE 7.1;COLORAÇÃO;4712
7896380605941;COLORAÇÃO PERMANENTE KIT;KERATON SELFIE 8.1;COLORAÇÃO;4713
789638060594;COLORAÇÃO PERMANENTE KIT;KERATON SELFIE 8.1;COLORAÇÃO;4713
7896380607181;COLORAÇÃO PERMANENTE KIT;KERATON SELFIE 9.1;COLORAÇÃO;4714
789638060718;COLORAÇÃO PERMANENTE KIT;KERATON SELFIE 9.1;COLORAÇÃO;4714
7896380607198;COLORAÇÃO PERMANENTE KIT;KERATON SELFIE 7.44;COLORAÇÃO;4720
789638060719;COLORAÇÃO PERMANENTE KIT;KERATON SELFIE 7.44;COLORAÇÃO;4720
7896380606078;COLORAÇÃO PERMANENTE KIT;KERATON SELFIE 6.47;COLORAÇÃO;4721
789638060607;COLORAÇÃO PERMANENTE KIT;KERATON SELFIE 6.47;COLORAÇÃO;4721
7896380605958;COLORAÇÃO PERMANENTE KIT;KERATON SELFIE 7.47;COLORAÇÃO;4722
789638060595;COLORAÇÃO PERMANENTE KIT;KERATON SELFIE 7.47;COLORAÇÃO;4722
7896380606054;COLORAÇÃO PERMANENTE KIT;KERATON SELFIE 6.7;COLORAÇÃO;4723
789638060605;COLORAÇÃO PERMANENTE KIT;KERATON SELFIE 6.7;COLORAÇÃO;4723
7896380606061;COLORAÇÃO PERMANENTE KIT;KERATON SELFIE 7.7;COLORAÇÃO;4724
789638060606;COLORAÇÃO PERMANENTE KIT;KERATON SELFIE 7.7;COLORAÇÃO;4724
7896380605965;COLORAÇÃO PERMANENTE KIT;KERATON SELFIE 8.34;COLORAÇÃO;4725
789638060596;COLORAÇÃO PERMANENTE KIT;KERATON SELFIE 8.34;COLORAÇÃO;4725
7896380605972;COLORAÇÃO PERMANENTE KIT;KERATON SELFIE 8.44;COLORAÇÃO;4726
789638060597;COLORAÇÃO PERMANENTE KIT;KERATON SELFIE 8.44;COLORAÇÃO;4726
7896380606689;COLORAÇÃO PERMANENTE KIT;KERATON SELFIE 7.4;COLORAÇÃO;4727
789638060668;COLORAÇÃO PERMANENTE KIT;KERATON SELFIE 7.4;COLORAÇÃO;4727
7896380606696;COLORAÇÃO PERMANENTE KIT;KERATON SELFIE 8.4;COLORAÇÃO;4728
789638060669;COLORAÇÃO PERMANENTE KIT;KERATON SELFIE 8.4;COLORAÇÃO;4728
7896380607174;COLORAÇÃO PERMANENTE KIT;KERATON SELFIE 9.4;COLORAÇÃO;4729
789638060717;COLORAÇÃO PERMANENTE KIT;KERATON SELFIE 9.4;COLORAÇÃO;4729
7896380606009;COLORAÇÃO PERMANENTE KIT;KERATON SELFIE 4.66;COLORAÇÃO;4730
789638060600;COLORAÇÃO PERMANENTE KIT;KERATON SELFIE 4.66;COLORAÇÃO;4730
7896380606016;COLORAÇÃO PERMANENTE KIT;KERATON SELFIE 6.66;COLORAÇÃO;4731
789638060601;COLORAÇÃO PERMANENTE KIT;KERATON SELFIE 6.66;COLORAÇÃO;4731
7896380606085;COLORAÇÃO PERMANENTE KIT;KERATON SELFIE 7.8;COLORAÇÃO;4732
789638060608;COLORAÇÃO PERMANENTE KIT;KERATON SELFIE 7.8;COLORAÇÃO;4732
7896380606092;COLORAÇÃO PERMANENTE KIT;KERATON SELFIE 9.8;COLORAÇÃO;4733
789638060609;COLORAÇÃO PERMANENTE KIT;KERATON SELFIE 9.8;COLORAÇÃO;4733
7896380606108;COLORAÇÃO PERMANENTE KIT;KERATON SELFIE 12.11;COLORAÇÃO;4734
789638060610;COLORAÇÃO PERMANENTE KIT;KERATON SELFIE 12.11;COLORAÇÃO;4734
7896380606115;COLORAÇÃO PERMANENTE KIT;KERATON SELFIE 12.89;COLORAÇÃO;4735
789638060611;COLORAÇÃO PERMANENTE KIT;KERATON SELFIE 12.89;COLORAÇÃO;4735
7896380606351;COLORAÇÃO PERMANENTE KIT;KERATON SELFIE 6.26;COLORAÇÃO;4736
789638060635;COLORAÇÃO PERMANENTE KIT;KERATON SELFIE 6.26;COLORAÇÃO;4736
7896380660872;COLORAÇÃO PERMANENTE KIT CACHOS;KERATON COLOR CACHOS KIT 1.0;COLORAÇÃO;4781
789638066087;COLORAÇÃO PERMANENTE KIT CACHOS;KERATON COLOR CACHOS KIT 1.0;COLORAÇÃO;4781
7896380660766;COLORAÇÃO PERMANENTE KIT CACHOS;KERATON COLOR CACHOS KIT 2.0;COLORAÇÃO;4782
789638066076;COLORAÇÃO PERMANENTE KIT CACHOS;KERATON COLOR CACHOS KIT 2.0;COLORAÇÃO;4782
7896380660773;COLORAÇÃO PERMANENTE KIT CACHOS;KERATON COLOR CACHOS KIT 3.0;COLORAÇÃO;4783
789638066077;COLORAÇÃO PERMANENTE KIT CACHOS;KERATON COLOR CACHOS KIT 3.0;COLORAÇÃO;4783
7896380660780;COLORAÇÃO PERMANENTE KIT CACHOS;KERATON COLOR CACHOS KIT 4.0;COLORAÇÃO;4784
789638066078;COLORAÇÃO PERMANENTE KIT CACHOS;KERATON COLOR CACHOS KIT 4.0;COLORAÇÃO;4784
7896380660797;COLORAÇÃO PERMANENTE KIT CACHOS;KERATON COLOR CACHOS KIT 5.0;COLORAÇÃO;4785
789638066079;COLORAÇÃO PERMANENTE KIT CACHOS;KERATON COLOR CACHOS KIT 5.0;COLORAÇÃO;4785
7896380660803;COLORAÇÃO PERMANENTE KIT CACHOS;KRATON COLOR CACHOS KIT 6.0;COLORAÇÃO;4786
789638066080;COLORAÇÃO PERMANENTE KIT CACHOS;KRATON COLOR CACHOS KIT 6.0;COLORAÇÃO;4786
7896380660810;COLORAÇÃO PERMANENTE KIT CACHOS;KERATON COLOR CACHOS KIT 6.26;COLORAÇÃO;4787
789638066081;COLORAÇÃO PERMANENTE KIT CACHOS;KERATON COLOR CACHOS KIT 6.26;COLORAÇÃO;4787
7896380660827;COLORAÇÃO PERMANENTE KIT CACHOS;KERATON COLOR CACHOS KIT 6.62;COLORAÇÃO;4788
7896380660834;COLORAÇÃO PERMANENTE KIT CACHOS;KERATON COLOR CACHOS KIT 6.7;COLORAÇÃO;4789
789638066083;COLORAÇÃO PERMANENTE KIT CACHOS;KERATON COLOR CACHOS KIT 6.7;COLORAÇÃO;4789
7896380660841;COLORAÇÃO PERMANENTE KIT CACHOS;KERATON COLOR CACHOS KIT 7.0;COLORAÇÃO;4790
789638066084;COLORAÇÃO PERMANENTE KIT CACHOS;KERATON COLOR CACHOS KIT 7.0;COLORAÇÃO;4790
7896380660858;COLORAÇÃO PERMANENTE KIT CACHOS;KERATON COLOR CACHOS KIT 7.44;COLORAÇÃO;4791
789638066085;COLORAÇÃO PERMANENTE KIT CACHOS;KERATON COLOR CACHOS KIT 7.44;COLORAÇÃO;4791
7896380660865;COLORAÇÃO PERMANENTE KIT CACHOS;KERATON COLOR CACHOS KIT 8.1;COLORAÇÃO;4792
789638066086;COLORAÇÃO PERMANENTE KIT CACHOS;KERATON COLOR CACHOS KIT 8.1;COLORAÇÃO;4792
7896380606931;COLORAÇÃO PERM KIT FASHION;KERATON MY CRUSH PINK;COLORAÇÃO;4800
789638060693;COLORAÇÃO PERM KIT FASHION;KERATON MY CRUSH PINK;COLORAÇÃO;4800
7896380606948;COLORAÇÃO PERM KIT FASHION;KERATON MY CRUSH BLUE;COLORAÇÃO;4801
789638060694;COLORAÇÃO PERM KIT FASHION;KERATON MY CRUSH BLUE;COLORAÇÃO;4801
7896380606955;COLORAÇÃO PERM KIT FASHION;KERATON MY CRUSH LAVANDER;COLORAÇÃO;4802
789638060695;COLORAÇÃO PERM KIT FASHION;KERATON MY CRUSH LAVANDER;COLORAÇÃO;4802
7896380660704;OXIDANTE;KERATON OX 20VOL 900ML;COLORAÇÃO;4861
7896380660711;OXIDANTE;KERATON OX 30VOL 900ML;COLORAÇÃO;4862
789638066071;OXIDANTE;KERATON OX 30VOL 900ML;COLORAÇÃO;4862
7896380660896;DESCOLORANTE(0);DESC WHITENER PLATINE BLOND 50G;COLORAÇÃO;4864
7896380660889;DESCOLORANTE;DESC KERATON PLATINE BLOND 300G;COLORAÇÃO;4865
789638066088;DESCOLORANTE;DESC KERATON PLATINE BLOND 300G;COLORAÇÃO;4865
7896380600922;OXIDANTE(0);OX WHITENER 40 VOL;COLORAÇÃO;4903
7896380606245;OXIDANTE(0);OXIDANTE 40 VOL 100 ML GRÁTIS;COLORAÇÃO;4903
7896380603923;DESCOLORANTE(0);DESC WHITENER BLUE 4 BLOND 50G;COLORAÇÃO;4904
7896380603039;DESCOLORANTE;DESC WHITENER BLUE 4 BLOND 300G;COLORAÇÃO;4905
789638060303;DESCOLORANTE;DESC WHITENER BLUE 4 BLOND 300G;COLORAÇÃO;4905
7896380603930;DESCOLORANTE(0);DESC WHITENER VIOLET AND SHINE 50G;COLORAÇÃO;4906
7896380603046;DESCOLORANTE;DESC WHITENER VIOLET AND SHINE 300G;COLORAÇÃO;4907
7896380615117;DESCOLORANTE;DESC WHITENER VIOLET AND SHINE 300G;COLORAÇÃO;4907
789638060304;DESCOLORANTE;DESC WHITENER VIOLET AND SHINE 300G;COLORAÇÃO;4907
7896380605538;DESCOLORANTE(0);DESC WHITENER PLATINE BLOND 50G;COLORAÇÃO;4908
7896380605569;DESCOLORANTE(0);DESC WHITENER PLATINUM PLEX 50G;COLORAÇÃO;4910
7896380605576;DESCOLORANTE;DESC WHITENER PLATINUM PLEX 300G;COLORAÇÃO;4911
7896380615131;DESCOLORANTE;DESC WHITENER PLATINUM PLEX 300G;COLORAÇÃO;4911
7896380607341;DESCOLORANTE;KERATON STRIP TEASE DYE REMOVER KIT;COLORAÇÃO;4914
7896380607440;OXIDANTE(0);OX 20 VOL 75ML AMOSTRA GRATIS;COLORAÇÃO;4917
7896380607525;OXIDANTE(0);KERATON OXIDANTE HIDRATANTE 30 VOL 75 ML;COLORAÇÃO;4918
789638060752;OXIDANTE(0);KERATON OXIDANTE HIDRATANTE 30 VOL 75 ML;COLORAÇÃO;4918
7896380660926;REDUTOR DE COR;KERATON REDUTON COLOR SYSTEM;COLORAÇÃO;4921
789638066092;REDUTOR DE COR;KERATON REDUTON COLOR SYSTEM;COLORAÇÃO;4921
7896380605545;DESCOLORANTE;DESC WHITENER PLATINE BLOND 300G;COLORAÇÃO;4909
7896380615124;DESCOLORANTE;PO DESC KERT 300G PLATINE BLOND;COLORAÇÃO;4909
7896380604173;REDUTOR DE COR;REDUTON COLOR SYSTEM;COLORAÇÃO;4912
7896380606603;RETOQUE DE RAIZ;KERATON RETOQ DE RAIZ PRETO 75ML;SEM FAMÍLIA;750
7896380606610;RETOQUE DE RAIZ;KERATON RETOQ DE RAIZ CAST. ESCURO 75ML;SEM FAMÍLIA;751
7896380606627;RETOQUE DE RAIZ;KERATON RETOQ DE RAIZ CAST CLARO 75ML;SEM FAMÍLIA;752
7896380606634;RETOQUE DE RAIZ;KERATON RETOQ DE RAIZ LOURO ESCURO 75ML;SEM FAMÍLIA;753
7896380606399;TRATAMENTO;MÁSCARA TERMAL ACT;SEM FAMÍLIA;2950
7896380600540;SH TONALIZANTE;SHAMPOO PHYTOGEN GRAFITE 120 ML;TRATAMENTO;2950
7896380605293;TRATAMENTO;SHAMPOO TERMAL ACT;SEM FAMÍLIA;2950
7896380605309;TRATAMENTO;CONDICIONADOR TERMAL ACT;SEM FAMÍLIA;2950
7896380606252;TRATAMENTO;AMPOLA DESMAIA CABELO INDIVIDUAL;SEM FAMÍLIA;2950
7896380606269;TRATAMENTO;AMPOLA TRATAMENTO DE CHOQUE INDIVIDUAL;SEM FAMÍLIA;2950
7896380606276;TRATAMENTO;AMPOLA SOS BOMBA INDIVIDUAL;SEM FAMÍLIA;2950
7896380605460;TRATAMENTO;POWER TREAT SOS BOMBA 300G;SEM FAMÍLIA;2950
7896380605637;TRATAMENTO;PHYTOGEN CRESPOS 3BC;SEM FAMÍLIA;2950
7896380605644;TRATAMENTO;PHYTOGEN CRESPÍSSIMOS 4ABC;SEM FAMÍLIA;2950
7896380605668;TRATAMENTO;PHYTOGEN GEL CREME 2,3,4 ABC;SEM FAMÍLIA;2950
7896380605712;TRATAMENTO;KIT AMPOLA DESMAIA CABELO;SEM FAMÍLIA;2950
7896380605736;TRATAMENTO;KIT AMPOLA TRATAMENTO CHOQUE;SEM FAMÍLIA;2950
7896380605729;TRATAMENTO;KIT AMPOLA SOS BOMBA;SEM FAMÍLIA;2950
7896380606450;TRATAMENTO;PHYTOGEN I LOVE MY HAIR LEAVE IN CRESPOS 3BC;SEM FAMÍLIA;2950
7896380606467;TRATAMENTO;PHYTOGEN I LOVE MY HAIR LEAVE IN CRESPÍSSIMOS 4ABC;SEM FAMÍLIA;2950
7896380605378;SH TONALIZANTE;SHAMPOO PHYTOGEN YELLOW FREE;SEM FAMÍLIA;2950
7896380606412;TRATAMENTO;MASCARA PHYTOGEN YELLOW FREE;SEM FAMÍLIA;2950
7896380604616;TRATAMENTO;SHAMPOO PHYTOGEN INSTANT MIRACLE HIDRATANTE;SEM FAMÍLIA;2950
7896380604630;TRATAMENTO;POWER MOIST PHYTOGEN INSTANT MIRACLE HIDRATANTE;SEM FAMÍLIA;2950
7896380604678;TRATAMENTO;SHAMPOO PHYTOGEN INSTANT MIRACLE RECONSTRUTOR;SEM FAMÍLIA;2950
7896380604692;TRATAMENTO;POWER MOIST PHYTOGEN INSTANT MIRACLE RECONSTRUTOR;SEM FAMÍLIA;2950
7896380604623;TRATAMENTO;CONDICIONADOR PHYTOGEN INSTANT MIRACLE HIDRATANTE;SEM FAMÍLIA;2950
7896380604685;TRATAMENTO;CONDICIONADOR PHYTOGEN INSTANT MIRACLE RECONSTRUTOR;SEM FAMÍLIA;2950
7896380605149;TRATAMENTO;HIDRATANTE S/ENXAGUE EVOLUTION SELA CUTÍCULA;SEM FAMÍLIA;2950
7896380605118;TRATAMENTO;HIDRATANTE S/ENXAGUE EVOLUTION NUTRI COLOR;SEM FAMÍLIA;2950
7896380603619;TRATAMENTO;SHAMPOO KERAGEN EVOLUTION CACHOS DOMADOS 250ML;SEM FAMÍLIA;2950
7896380605132;TRATAMENTO;LEAVE-IN KERAGEN EVOLUTION CACHOS DOMADOS 280G;SEM FAMÍLIA;2950
7896380605361;TRATAMENTO;COND PHYTOGEN POS PROGRESSIVA 300ML;SEM FAMÍLIA;2950
7896380606894;TRATAMENTO;KIT KERAGEN SH NEUTRO / COND SELA LITRO;SEM FAMÍLIA;2950
7896380604296;TRATAMENTO;MASK PÓS PROGRESSIVA;SEM FAMÍLIA;2950
7896380604647;TRATAMENTO;SHAMPOO MIRACLE RECONSTRUTOR 250ML;SEM FAMÍLIA;2950
7896380603718;TRATAMENTO;LEAVE-IN KERAGEN EVOLUTION SELA CUTÍCULA 300G;SEM FAMÍLIA;2950
7896380603626;TRATAMENTO;LEAVE-IN KERAGEN EVOLUTION CACHOS DOMADOS 280G;SEM FAMÍLIA;2950
7896380601684;TRATAMENTO;MÁSCARA TERMAL ACT;SEM FAMÍLIA;2950
7896380606825;COLORAÇÃO TEMPORÁRIA;KERATON BANHO DE BRILHO MARSALA DIVA;COLORAÇÃO;2951
7896380605781;COLORAÇÃO TEMPORÁRIA;KERATON BANHO DE BRILHO BRASA;COLORAÇÃO;2951
7896380605798;COLORAÇÃO TEMPORÁRIA;KERATON BANHO DE BRILHO CHOCOLATE MALVE;COLORAÇÃO;2951
7896380605804;COLORAÇÃO TEMPORÁRIA;KERATON BANHO DE BRILHO BLORANGE;COLORAÇÃO;2951
7896380605682;COLORAÇÃO TEMPORÁRIA;KERATON BANHO DE BRILHO BRONDE;COLORAÇÃO;2951
7896380605675;COLORAÇÃO TEMPORÁRIA;KERATON BANHO DE BRILHO NUDE;COLORAÇÃO;2951
7896380603527;COLORAÇÃO TEMPORÁRIA;KERATON BANHO DE BRILHO BERINJELA;COLORAÇÃO;2951
7896380603541;COLORAÇÃO TEMPORÁRIA;KERATON BANHO DE BRILHO FIGO ROXO;COLORAÇÃO;2951
7896380603589;COLORAÇÃO TEMPORÁRIA;KERATON BANHO DE BRILHO COCO QUEIMADO;COLORAÇÃO;2951
7896380603572;COLORAÇÃO TEMPORÁRIA;KERATON BANHO DE BRILHO PIMENTA ROSA;COLORAÇÃO;2951
7896380603565;COLORAÇÃO TEMPORÁRIA;KERATON BANHO DE BRILHO CHOCOLATE COM PIMENTA;COLORAÇÃO;2951
7896380603534;COLORAÇÃO TEMPORÁRIA;KERATON BANHO DE BRILHO CEREJA NEGRA;COLORAÇÃO;2951
7896380600670;COLORAÇÃO TEMPORÁRIA;KERATON BANHO DE BRILHO MOGNO;COLORAÇÃO;2951
7896380600366;COLORAÇÃO TEMPORÁRIA;KERATON BANHO DE BRILHO VINHO;COLORAÇÃO;2951
7896380600373;COLORAÇÃO TEMPORÁRIA;KERATON BANHO DE BRILHO RUBI;COLORAÇÃO;2951
7896380601097;COLORAÇÃO TEMPORÁRIA;KERATON BANHO DE BRILHO CEREJA;COLORAÇÃO;2951
7896380602193;COLORAÇÃO TEMPORÁRIA;KERATON BANHO DE BRILHO SOJA;COLORAÇÃO;2951
7896380602353;COLORAÇÃO TEMPORÁRIA;KERATON BANHO DE BRILHO FUCSIA;COLORAÇÃO;2951
7896380602360;COLORAÇÃO TEMPORÁRIA;KERATON BANHO DE BRILHO OURO;COLORAÇÃO;2951
7896380603978;DESCOLORANTE(0);DESCOLORANTE BLEACH AND CARE - DUST FREE (BRANCO) 50G;SEM FAMÍLIA;2953
7896380603916;DESCOLORANTE(0);DESCOLORANTE BLEND TO BLOND - DUST FREE (AZUL) 50G;SEM FAMÍLIA;2953
7896380603985;DESCOLORANTE;DESCOLORANTE BLEACH AND CARE - DUST FREE (BRANCO) 300G;SEM FAMÍLIA;2954
7896380615322;DESCOLORANTE;DESC BLEACH AND CARE 300G GRATIS ARGAN;SEM FAMÍLIA;2954
7896380603121;COLORAÇÃO SEMI PERMANENTE;KERATON DEMI COLOR 9.0 LOURO MUITO CLARO;COLORAÇÃO;2955
7896380603169;COLORAÇÃO SEMI PERMANENTE;KERATON DEMI COLOR 5.3 CASTANHO CL.DOURADO;COLORAÇÃO;2955
7896380603176;COLORAÇÃO SEMI PERMANENTE;KERATON DEMI COLOR 5.5 CASTANHO CL. ACAJU;COLORAÇÃO;2955
7896380603190;COLORAÇÃO SEMI PERMANENTE;KERATON DEMI COLOR 44.54 CAST.MD.ACAJ.AC;COLORAÇÃO;2955
7896380603183;COLORAÇÃO SEMI PERMANENTE;KERATON DEMI COLOR 6.66 LOURO ESC. VERM. INT;COLORAÇÃO;2955
7896380603275;COLORAÇÃO SEMI PERMANENTE;KERATON DEMI COLOR 55.62 CASTANHO I.V.I;COLORAÇÃO;2955
7896380603282;COLORAÇÃO SEMI PERMANENTE;KERATON DEMI COLOR 66.46 LOURO ESC. I.A.A;COLORAÇÃO;2955
7896380603244;COLORAÇÃO SEMI PERMANENTE;KERATON DEMI COLOR 7.7 LOURO M. MARROM;COLORAÇÃO;2955
7896380603299;COLORAÇÃO SEMI PERMANENTE;KERATON DEMI COLOR 55.71 CAST. C.I.M.A;COLORAÇÃO;2955
7896380603305;COLORAÇÃO SEMI PERMANENTE;KERATON DEMI COLOR 66.71 LOURO E.I.M.A;COLORAÇÃO;2955
7896380601394;OXIDANTE(0);EMULSAO WHITENER 10 VOL;SEM FAMÍLIA;2956
7896380600847;OXIDANTE(0);OX WHITENER 20 VOL 1000G;COLORAÇÃO;2956
7896380600854;OXIDANTE(0);OX WHITENER 30 VOL 1000G;COLORAÇÃO;2956
7896380600557;OXIDANTE(0);OX WHITENER 40 VOL 1000G;COLORAÇÃO;2956
7896380602957;COLORAÇÃO TEMPORÁRIA FASHION;KERATON HARD COLOR POISON GREEN;COLORAÇÃO;2957
7896380604326;COLORAÇÃO TEMPORÁRIA HENNA;KERATON HENNA CREME CASTANHO;SEM FAMÍLIA;2958
7896380604333;COLORAÇÃO TEMPORÁRIA HENNA;KERATON HENNA CREME MARROM;SEM FAMÍLIA;2958
7896380604340;COLORAÇÃO TEMPORÁRIA HENNA;KERATON HENNA CREME ACAJU PURPURA;SEM FAMÍLIA;2958
7896380604371;COLORAÇÃO TEMPORÁRIA HENNA;KERATON HENNA CREME VERMELHO CEREJA;SEM FAMÍLIA;2958
7896380604388;COLORAÇÃO TEMPORÁRIA HENNA;KERATON HENNA CREME LOURO PASTEL;SEM FAMÍLIA;2958
7896380604395;COLORAÇÃO TEMPORÁRIA HENNA;KERATON HENNA CREME LOURO PLATINA;SEM FAMÍLIA;2958
7896380604401;COLORAÇÃO TEMPORÁRIA HENNA;KERATON HENNA CREME CINZA PRATEADO;SEM FAMÍLIA;2958
7896380604425;COLORAÇÃO TEMPORÁRIA HENNA;KERATON HENNA CREME DOURADO;SEM FAMÍLIA;2958
7896380606221;OXIDANTE(0);OX 20 VOL 75ML AMOSTRA GRATIS;COLORAÇÃO;2973
7896380606238;OXIDANTE(0);OX 30 VOL 75ML AMOSTRA GRATIS;COLORAÇÃO;2974
7896380607013;ANTISEPTICO;PHYTOGEN ALCOOL GEL;SEM FAMÍLIA;2986
7896380603954;DESCOLORANTE;DESC WHITENER BLUE 4 BLOND 900G;COLORAÇÃO;2992
7896380603961;DESCOLORANTE;DESC WHITENER VIOLET AND SHINE 900G;COLORAÇÃO;2993
7896380605552;DESCOLORANTE;DESC WHITENER PLATINE BLOND 900G;COLORAÇÃO;2994
7896380605583;DESCOLORANTE;DESC WHITENER PLATINUM PLEX 900G;COLORAÇÃO;2995
7896380600441;SH TONALIZANTE;PHYTOGEN SH DESAMARELADOR;SEM FAMÍLIA;2996
7896380600588;SH TONALIZANTE;PHYTOGEN SH VIOLET 120 ML;SEM FAMÍLIA;2998
7896380600069;FINALIZADORES;PHYTOGEN FRIZZ HAIR;TRATAMENTO;3000
7896380600595;FINALIZADORES;PHYTOGEN ANTIQUEDA;TRATAMENTO;3001
7896380604746;FINALIZADORES;PHYTOGEN POWER KERATIN;SEM FAMÍLIA;3002
789638060474;FINALIZADORES;PHYTOGEN POWER KERATIN;SEM FAMÍLIA;3002
7896380600601;FINALIZADORES;PHYTOGEN HAIR GLOSS;SEM FAMÍLIA;3003
7896380607020;TRATAMENTO;PHYTOGEN SH FUSION;SEM FAMÍLIA;3020
7896380607037;TRATAMENTO;PHYTOGEN COND FUSION;SEM FAMÍLIA;3021
7896380607051;TRATAMENTO;PHYTOGEN LEAVE IN FUSION;SEM FAMÍLIA;3022
7896380607044;TRATAMENTO;PHYTOGEN MASC FUSION;SEM FAMÍLIA;3023
7896380607006;TRATAMENTO;PHYTOGEN LEAVE IN HIDRA CACHO;SEM FAMÍLIA;3040
7896380606849;TRATAMENTO;PHYTOGEN SH MEN FRESH DETOX;SEM FAMÍLIA;3047
7896380606900;TRATAMENTO;PHYTOGEN SH MEN ANTICASPA;SEM FAMÍLIA;3049
7896380607358;TRATAMENTO;KERAGEN SH TUTTI FRUTTI;SEM FAMÍLIA;3061
7896380607365;TRATAMENTO;KERAGEN COND TUTTI FRUTTI;SEM FAMÍLIA;3062
7896380607372;TRATAMENTO;KERAGEN LEAVE IN TUTTI FRUTTI;SEM FAMÍLIA;3063
7896380607389;TRATAMENTO;KERAGEN SH SWEET VANILA;SEM FAMÍLIA;3064
7896380607396;TRATAMENTO;KERAGEN COND SWEET VANILA;SEM FAMÍLIA;3065
7896380607402;TRATAMENTO;KERAGEN LEAVE IN SWEET VANILA;SEM FAMÍLIA;3066
7896380607419;TRATAMENTO;KERAGEN SH CHOCO NUTS;SEM FAMÍLIA;3067
7896380607426;TRATAMENTO;KERAGEN COND CHOCO NUTS;SEM FAMÍLIA;3068
7896380607433;TRATAMENTO;KERAGEN LEAVE IN CHOCO NUTS;SEM FAMÍLIA;3069
7896380607938;TRATAMENTO;KIT PROMO MAIS COR SH E COND;TRATAMENTO;3210
7896380607945;TRATAMENTO;KIT PROMO MAIS FORCA SH E COND;TRATAMENTO;3211
789638060794;TRATAMENTO;KIT PROMO MAIS FORCA SH E COND;TRATAMENTO;3211
7896380607952;TRATAMENTO;KIT PROMO MAIS HIDRATACAO SH E COND;TRATAMENTO;3212
7896380601592;COLORAÇÃO TEMPORÁRIA;KERATON B BRILHO CACAU;COLORAÇÃO;4012
7896380607068;COLORAÇÃO TEMPORÁRIA;KERATON B BRILHO AMORA;COLORAÇÃO;4021
7896380607532;RECARGA DE COR;KERATON HARD RECARGA BLUE;COLORAÇÃO;4096
7896380607549;RECARGA DE COR;KERATON HARD RECARGA PINK;COLORAÇÃO;4097
7896380607556;RECARGA DE COR;KERATON HARD RECARGA RED;COLORAÇÃO;4098
7896380607563;RECARGA DE COR;KERATON HARD RECARGA VIOLET;COLORAÇÃO;4099
7896380607266;COLORAÇÃO TEMPORÁRIA FASHION;KERATON HARD GINGER FOX;COLORAÇÃO;4116
7896380607273;COLORAÇÃO TEMPORÁRIA FASHION;KERATON HARD FOXXY VIBE;COLORAÇÃO;4117
7896380607297;COLORAÇÃO TEMP FASHION NEON;KERATON NEON COSMIC FLAMINGO;COLORAÇÃO;4208
7896380607112;COLORAÇÃO TEMP FASHION LIGHT;KERATON LIGHT CUP CAKE;COLORAÇÃO;4300
7896380607082;COLORAÇÃO TEMP FASHION LIGHT;KERATON LIGHT MARSH MALLOW;COLORAÇÃO;4301
7896380607105;COLORAÇÃO TEMP FASHION LIGHT;KERATON LIGHT SUGGAR CORAL;COLORAÇÃO;4302
7896380607099;COLORAÇÃO TEMP FASHION LIGHT;KERATON LIGHT SWEET MINT;COLORAÇÃO;4303
7896380607075;COLORAÇÃO TEMP FASHION LIGHT;KERATON LIGHT COTTON CAND;COLORAÇÃO;4304
7896380606566;MATIZADOR;KERATON SHINE MASK CHOCOLATE;TRATAMENTO;4358
7896380606498;MATIZADOR;KERATON SHINE MASK PRETO AZL;TRATAMENTO;4359
7896380606504;MATIZADOR;KERATON SHINE MASK GELO;TRATAMENTO;4360
7896380606511;MATIZADOR;KERATON SHINE MASK PRATA;TRATAMENTO;4361
7896380616060;MATIZADOR;KERATON SHINE MASK PEROLA 300G;TRATAMENTO;4362
7896380606528;MATIZADOR;KERATON SHINE MASK PEROLA;TRATAMENTO;4362
7896380606535;MATIZADOR;KERATON SHINE MASK VERMELHO;TRATAMENTO;4363
7896380606542;MATIZADOR;KERATON SHINE MASK COBRE;TRATAMENTO;4364
7896380606559;MATIZADOR;KERATON SHINE MASK MARSALA;TRATAMENTO;4365
7896380607464;POMADA COLORIDA;KERATON WAX COLORS AMARELA;SEM FAMÍLIA;4390
7896380607471;POMADA COLORIDA;KERATON WAX COLORS AZUL;SEM FAMÍLIA;4391
7896380607488;POMADA COLORIDA;KERATON WAX COLORS VERDE;SEM FAMÍLIA;4392
7896380607495;POMADA COLORIDA;KERATON WAX COLORS PRATA;SEM FAMÍLIA;4393
7896380607457;POMADA COLORIDA;KERATON WAX COLORS ROSA;SEM FAMÍLIA;4394
7896380607501;POMADA COLORIDA;KERATON WAX COLORS VIOLETA;SEM FAMÍLIA;4395
7896380607518;POMADA COLORIDA;KERATON WAX COLORS VERMELHO;SEM FAMÍLIA;4396
7896380607754;POMADA COLORIDA;KERATON WAX COLORS LARANJA NEON;SEM FAMÍLIA;4397
7896380607761;POMADA COLORIDA;KERATON WAX COLORS ROSA NEON;SEM FAMÍLIA;4398
7896380607778;POMADA COLORIDA;KRATON WAX COLORS VERDE NEON;SEM FAMÍLIA;4399
7896380604319;COLORAÇÃO TEMPORÁRIA HENNA;KERATON HENNA PRETO;COLORAÇÃO;4400
7896380604357;COLORAÇÃO TEMPORÁRIA HENNA;KERATON HENNA CHOCOLATE;COLORAÇÃO;4401
7896380604364;COLORAÇÃO TEMPORÁRIA HENNA;KERATON HENNA VERM INTENSO;COLORAÇÃO;4402
7896380604418;COLORAÇÃO TEMPORÁRIA HENNA;KERATON HENNA COBRE;COLORAÇÃO;4403
7896380604302;COLORAÇÃO TEMPORÁRIA HENNA;KERATON HENNA CASTANHO CLARO;COLORAÇÃO;4404
7896380604432;COLORAÇÃO TEMPORÁRIA HENNA;KERATON HENNA CASTANHO ESCURO;COLORAÇÃO;4405
7896380607570;COLORAÇÃO HIPOALERGENICA;KERATON NO LIMITS 1.0;COLORAÇÃO;4465
7896380607587;COLORAÇÃO HIPOALERGENICA;KERATON NO LIMITS 3.0;COLORAÇÃO;4466
7896380607594;COLORAÇÃO HIPOALERGENICA;KERATON NO LIMITS 4.0;COLORAÇÃO;4467
7896380607600;COLORAÇÃO HIPOALERGENICA;KERATON NO LIMITS 5.0;COLORAÇÃO;4468
7896380607617;COLORAÇÃO HIPOALERGENICA;KERATON NO LIMITS 6.0;COLORAÇÃO;4469
7896380607624;COLORAÇÃO HIPOALERGENICA;KERATON NO LIMITS 7.0;COLORAÇÃO;4470
7896380607631;COLORAÇÃO HIPOALERGENICA;KERATON NO LIMITS 8.0;COLORAÇÃO;4471
7896380607648;COLORAÇÃO HIPOALERGENICA;KERATON NO LIMITS 6.1;COLORAÇÃO;4472
7896380607655;COLORAÇÃO HIPOALERGENICA;KERATON NO LIMITS 7.1;COLORAÇÃO;4473
7896380607662;COLORAÇÃO HIPOALERGENICA;KERATON NO LIMITS 9.1;COLORAÇÃO;4474
7896380607679;COLORAÇÃO HIPOALERGENICA;KERATON NO LIMITS 6.26;COLORAÇÃO;4475
7896380607686;COLORAÇÃO HIPOALERGENICA;KERATON NO LIMITS 8.34;COLORAÇÃO;4476
7896380607693;COLORAÇÃO HIPOALERGENICA;KERATON NO LIMITS 8.44;COLORAÇÃO;4477
7896380607709;COLORAÇÃO HIPOALERGENICA;KERATON NO LIMITS 6.66;COLORAÇÃO;4478
7896380607716;COLORAÇÃO HIPOALERGENICA;KERATON NO LIMITS 5.7;COLORAÇÃO;4479
7896380607723;COLORAÇÃO HIPOALERGENICA;KERATON NO LIMITS 6.7;COLORAÇÃO;4480
7896380607730;COLORAÇÃO HIPOALERGENICA;KERATON NO LIMITS 12.111;COLORAÇÃO;4481
7896380607747;COLORAÇÃO HIPOALERGENICA;KERATON NO LIMITS 9.89;COLORAÇÃO;4482
7896380607808;COLORAÇÃO HIPOALERGENICA;KERATON NO LIMITS 2.0 50G;COLORAÇÃO;4483
7896380607815;COLORAÇÃO HIPOALERGENICA;KERATON NO LIMITS 7.7 50G;SEM FAMÍLIA;4484
7896380607822;COLORAÇÃO HIPOALERGENICA;KERATON NO LIMITS 7.44 50G;SEM FAMÍLIA;4485
7896380604838;COLORAÇÃO PERMANENTE;KERATON DUAL BLOCK 10.0;COLORAÇÃO;4509
7896380604906;COLORAÇÃO PERMANENTE;KERATON DUAL BLOCK 10.1;COLORAÇÃO;4515
7896380604845;COLORAÇÃO PERMANENTE;KERATON DUAL BLOCK 7.01;COLORAÇÃO;4516
7896380604852;COLORAÇÃO PERMANENTE;KERATON DUAL BLOCK 8.01;COLORAÇÃO;4517
7896380605019;COLORAÇÃO PERMANENTE;KERATON DUAL BLOCK 5.22;COLORAÇÃO;4518
7896380605392;COLORAÇÃO PERMANENTE;KERATON DUAL BLOCK 9.02;COLORAÇÃO;4520
7896380604920;COLORAÇÃO PERMANENTE;KERATON DUAL BLOCK 8.3;COLORAÇÃO;4522
7896380604944;COLORAÇÃO PERMANENTE;KERATON DUAL BLOCK 6.41;COLORAÇÃO;4523
7896380605026;COLORAÇÃO PERMANENTE;KERATON DUAL BLOCK 6.71;COLORAÇÃO;4534
7896380605095;COLORAÇÃO PERMANENTE;KERATON DUAL BLOCK 9.8;COLORAÇÃO;4539
7896380607143;COLORAÇÃO PERMANENTE;KERATON DUAL BLOCK 0.1;COLORAÇÃO;4542
7896380607150;COLORAÇÃO PERMANENTE;KERATON DUAL BLOCK 0.2;COLORAÇÃO;4543
7896380606160;COLORAÇÃO SEMI PERMANENTE;KERATON DEMI COLOR 6.31;COLORAÇÃO;4620
7896380606177;COLORAÇÃO SEMI PERMANENTE;KERATON DEMI COLOR 7.31;COLORAÇÃO;4621
7896380605989;COLORAÇÃO PERMANENTE KIT;KERATON SELFIE 5.3;COLORAÇÃO;4715
7896380605996;COLORAÇÃO PERMANENTE KIT;KERATON SELFIE 6.3;COLORAÇÃO;4716
7896380606023;COLORAÇÃO PERMANENTE KIT;KERATON SELFIE 6.34;COLORAÇÃO;4717
7896380606030;COLORAÇÃO PERMANENTE KIT;KERATON SELFIE 6.31;COLORAÇÃO;4718
7896380606047;COLORAÇÃO PERMANENTE KIT;KERATON SELFIE 7.31;COLORAÇÃO;4719
7896380606962;COLORAÇÃO PERM KIT FASHION;KERATON MY CRUSH PEACH;COLORAÇÃO;4803
7896380601387;OXIDANTE(0);EMULSAO WHITENER 10 VOL;COLORAÇÃO;4900
7896380301387;OXIDANTE(0);EMULSAO WHITENER 10 VOL;COLORAÇÃO;4900
7896380600823;OXIDANTE(0);OX WHITENER 20 VOL 100G;COLORAÇÃO;4901
7896380600830;OXIDANTE(0);OX WHITENER 30 VOL;COLORAÇÃO;4902
7896380603992;DESCOLORANTE;DESCOLORANTE BLEND TO BLOND - DUST FREE (AZUL) 900G;SEM FAMÍLIA;4915
7896380603022;DESCOLORANTE;DESCOLORANTE BLEND TO BLOND - DUST FREE (AZUL) 300G;SEM FAMÍLIA;4916
7896380615100;DESCOLORANTE;DESCOLORANTE BLEND TO BLOND - DUST FREE (AZUL) 300G;SEM FAMÍLIA;4916
7896380607785;OXIDANTE(0);OXIDANTE NO LIMITS 20VOL;COLORAÇÃO;4919
7896380607792;OXIDANTE(0);OXIDANTE NO LIMITS 30VOL;COLORAÇÃO;4920
7896380604739;FINALIZADORES;PHYTOGEN RMC REPAIR;TRATAMENTO;3004
7896380605590;TRATAMENTO;PHYTOGEN SH TNT;TRATAMENTO;3024
789638060559;TRATAMENTO;PHYTOGEN SH TNT;TRATAMENTO;3024
7896380605606;TRATAMENTO;PHYTOGEN COND TNT;TRATAMENTO;3025
789638060560;TRATAMENTO;PHYTOGEN COND TNT;TRATAMENTO;3025
7896380606641;TRATAMENTO;PHYTOGEN LEAVE IN TNT;TRATAMENTO;3026
789638060664;TRATAMENTO;PHYTOGEN LEAVE IN TNT;TRATAMENTO;3026
7896380606405;TRATAMENTO;PHYTOGEN MASC TNT;TRATAMENTO;3027
789638060640;TRATAMENTO;PHYTOGEN MASC TNT;TRATAMENTO;3027
7896380606863;TRATAMENTO;PHYTOGEN SH DESMAIA FIO;TRATAMENTO;3028
7896380606870;TRATAMENTO;PHYTOGEN COND DESMAIA FIO;TRATAMENTO;3029
7896380606887;TRATAMENTO;PHYTOGEN LEAVE IN DESMAIA FIO;TRATAMENTO;3030
789638060688;TRATAMENTO;PHYTOGEN LEAVE IN DESMAIA FIO;TRATAMENTO;3030
7896380605453;TRATAMENTO;PHYTOGEN MASC DESMAIA FIO;TRATAMENTO;3031
7896380605743;TRATAMENTO;PHYTOGEN SH MUITO+LISO;TRATAMENTO;3032
789638060574;TRATAMENTO;PHYTOGEN SH MUITO+LISO;TRATAMENTO;3032
7896380605750;TRATAMENTO;PHYTOGEN COND MUITO+LISO;TRATAMENTO;3033
789638060575;TRATAMENTO;PHYTOGEN COND MUITO+LISO;TRATAMENTO;3033
7896380606979;TRATAMENTO;PHYTOGEN LEAVE IN MUITO+LISO;TRATAMENTO;3034
789638060697;TRATAMENTO;PHYTOGEN LEAVE IN MUITO+LISO;TRATAMENTO;3034
7896380606481;TRATAMENTO;PHYTOGEN DEFRIZANTE MULT;TRATAMENTO;3035
7896380605767;TRATAMENTO;PHYTOGEN MASC MUITO+LISO;TRATAMENTO;3036
789638060576;TRATAMENTO;PHYTOGEN MASC MUITO+LISO;TRATAMENTO;3036
7896380606429;TRATAMENTO;PHYTOGEN SH CACHOS;TRATAMENTO;3037
789638060642;TRATAMENTO;PHYTOGEN SH CACHOS;TRATAMENTO;3037
7896380605651;TRATAMENTO;PHYTOGEN MULTIFUNCIONAL (TODOS OS TIPOS);TRATAMENTO;3038
7896380606474;TRATAMENTO;PHYTOGEN COND MULT CACHOS;TRATAMENTO;3038
789638060647;TRATAMENTO;PHYTOGEN COND MULT CACHOS;TRATAMENTO;3038
7896380605620;TRATAMENTO;PHYTOGEN CACHEADOS 2ABC E 3A;TRATAMENTO;3039
7896380606443;TRATAMENTO;PHYTOGEN LEAVE IN CACHOS;TRATAMENTO;3039
789638060644;TRATAMENTO;PHYTOGEN LEAVE IN CACHOS;TRATAMENTO;3039
7896380606436;TRATAMENTO;PHYTOGEN MASC CACHOS;TRATAMENTO;3041
789638060643;TRATAMENTO;PHYTOGEN MASC CACHOS;TRATAMENTO;3041
7896380607129;TRATAMENTO;PHYTOGEN LEAVE IN VERAO MULT;TRATAMENTO;3042
789638060712;TRATAMENTO;PHYTOGEN LEAVE IN VERAO MULT;TRATAMENTO;3042
7896380607242;TRATAMENTO;PHYTOGEN TEXT SUMMER WAVES;TRATAMENTO;3043
789638060724;TRATAMENTO;PHYTOGEN TEXT SUMMER WAVES;TRATAMENTO;3043
7896380605477;TRATAMENTO;PHYTOGEN MASC TRAT CHOQUE;TRATAMENTO;3044
789638060547;TRATAMENTO;PHYTOGEN MASC TRAT CHOQUE;TRATAMENTO;3044
7896380606917;TRATAMENTO;PHYTOGEN SH ANTIQUEDA;TRATAMENTO;3045
7896380606924;TRATAMENTO;PHYTOGEN COND ANTIQUEDA;TRATAMENTO;3046
7896380606856;TRATAMENTO;PHYTOGEN SH MEN ANTIQUEDA;TRATAMENTO;3048
789638060685;TRATAMENTO;PHYTOGEN SH MEN ANTIQUEDA;TRATAMENTO;3048
7896380605507;SH TONALIZANTE;PHYTOGEN SH SILVER;TRATAMENTO;3050
789638060550;SH TONALIZANTE;PHYTOGEN SH SILVER;TRATAMENTO;3050
7896380605514;SH TONALIZANTE;PHYTOGEN SH GRAFITE;TRATAMENTO;3051
789638060551;SH TONALIZANTE;PHYTOGEN SH GRAFITE;TRATAMENTO;3051
7896380605521;SH TONALIZANTE;PHYTOGEN SH VIOLET;TRATAMENTO;3052
789638060552;SH TONALIZANTE;PHYTOGEN SH VIOLET;TRATAMENTO;3052
7896380603862;TRATAMENTO;KERAGEN SH NEUTRO;TRATAMENTO;3053
789638060386;TRATAMENTO;KERAGEN SH NEUTRO;TRATAMENTO;3053
7896380603602;TRATAMENTO;KERAGEN SH ANTI RESIDUO;TRATAMENTO;3054
789638060360;TRATAMENTO;KERAGEN SH ANTI RESIDUO;TRATAMENTO;3054
7896380603695;TRATAMENTO;KERAGEN SH SELA CUTICULA;TRATAMENTO;3055
789638060369;TRATAMENTO;KERAGEN SH SELA CUTICULA;TRATAMENTO;3055
7896380603701;TRATAMENTO;KERAGEN COND SELA CUTICULA;TRATAMENTO;3056
7896380602483;TRATAMENTO;KERAGEN COND SELA CUTICULA;TRATAMENTO;3056
7896380606375;TRATAMENTO;KERAGEN MASC SELA CUTICULA;TRATAMENTO;3057
7896380603725;TRATAMENTO;KERAGEN MASC SELA CUTICULA;TRATAMENTO;3057
789638060637;TRATAMENTO;KERAGEN MASC SELA CUTICULA;TRATAMENTO;3057
7896380603657;TRATAMENTO;KERAGEN SH NUTRI COLOR;TRATAMENTO;3058
7896380603664;TRATAMENTO;KERAGEN COND NUTRI COLOR;TRATAMENTO;3059
7896380606382;TRATAMENTO;KERAGEN MASC NUTRI COLOR;TRATAMENTO;3060
7896380603688;TRATAMENTO;KERAGEN MASC NUTRI COLOR;TRATAMENTO;3060
7896380607334;FINALIZADORES;PHYTOGEN RELAXAMENTO TEMPORARIO;TRATAMENTO;3070
789638060733;FINALIZADORES;PHYTOGEN RELAXAMENTO TEMPORARIO;TRATAMENTO;3070
7896380607839;TRATAMENTO;KERATON SHAMPOO MAIS COR 300ML;TRATAMENTO;3200
789638060783;TRATAMENTO;KERATON SHAMPOO MAIS COR 300ML;TRATAMENTO;3200
7896380607846;TRATAMENTO;KERATON CONDICIONADOR MAIS COR 300ML;TRATAMENTO;3201
789638060784;TRATAMENTO;KERATON CONDICIONADOR MAIS COR 300ML;TRATAMENTO;3201
7896380607853;TRATAMENTO;KERATON MASK MAIS COR 300G;TRATAMENTO;3202
789638060785;TRATAMENTO;KERATON MASK MAIS COR 300G;TRATAMENTO;3202
7896380607860;TRATAMENTO;KERATON SHAMPOO MAIS FORÇA 300ML;TRATAMENTO;3203
789638060786;TRATAMENTO;KERATON SHAMPOO MAIS FORÇA 300ML;TRATAMENTO;3203
7896380607877;TRATAMENTO;KERATON CONDICIONADOR MAIS FORÇA 300ML;TRATAMENTO;3204
789638060787;TRATAMENTO;KERATON CONDICIONADOR MAIS FORÇA 300ML;TRATAMENTO;3204
7896380607884;TRATAMENTO;KERATON MASK MAIS FORÇA 300G;TRATAMENTO;3205
789638060788;TRATAMENTO;KERATON MASK MAIS FORÇA 300G;TRATAMENTO;3205
7896380607891;TRATAMENTO;KERATON SHAMPOO MAIS HIDRATAÇÃO 300ML;TRATAMENTO;3206
789638060789;TRATAMENTO;KERATON SHAMPOO MAIS HIDRATAÇÃO 300ML;TRATAMENTO;3206
7896380607907;TRATAMENTO;KERATON COND MAIS HIDRATAÇÃO 300ML;TRATAMENTO;3207
789638060790;TRATAMENTO;KERATON COND MAIS HIDRATAÇÃO 300ML;TRATAMENTO;3207
7896380607914;TRATAMENTO;KERATON MASK MAIS HIDRATAÇÃO 300G;TRATAMENTO;3208
789638060791;TRATAMENTO;KERATON MASK MAIS HIDRATAÇÃO 300G;TRATAMENTO;3208
7896380660612;TRATAMENTO;KERATON LEAVE-IN USO ESSENCIAL 200 ML;TRATAMENTO;3209
789638066061;TRATAMENTO;KERATON LEAVE-IN USO ESSENCIAL 200 ML;TRATAMENTO;3209
7896380660971;TRATAMENTO;KERATON SH MUITO + LISO;TRATAMENTO;3219
7896380660995;TRATAMENTO;KERATON COND MUITO + LISO;TRATAMENTO;3220
7896380661008;TRATAMENTO;KERATON LEAVE IN MUITO + LISO;TRATAMENTO;3221
7896380660988;TRATAMENTO;KERATON MASK MUITO + LISO;TRATAMENTO;3222
7896380661053;TRATAMENTO;KERATON SH MUITO + CACHOS;TRATAMENTO;3223
7896380661077;TRATAMENTO;KERATON COND MUITO + CACHOS;TRATAMENTO;3224
7896380661084;TRATAMENTO;KERATON CR PENTEAR MUITO+ CACHOS;TRATAMENTO;3225
7896380661060;TRATAMENTO;KERATON MASK MUITO + CACHOS;TRATAMENTO;3226
7896380661107;TRATAMENTO;KERATON GELATINA MUITO + CACHOS;TRATAMENTO;3227
7896380661114;TRATAMENTO;KERATON REVITALIZADOR MUITO + CACHOS;TRATAMENTO;3228
7896380661091;TRATAMENTO;KERATON ÓLEO MUITO + CACHOS;TRATAMENTO;3229
7896380661015;TRATAMENTO;KERATON SH USO ESSENCIAL;TRATAMENTO;3230
7896380661039;TRATAMENTO;KERATON COND USO ESSENCIAL;TRATAMENTO;3231
7896380661022;TRATAMENTO;KERATON MASK USO ESSENCIAL;TRATAMENTO;3232
7896380661046;TRATAMENTO;KERATON LEAVE IN USO ESSENCIAL;TRATAMENTO;3233
7896380660629;MATIZADOR;KERATON SHINE MASK CHOCOLATE 240G;TRATAMENTO;4350
789638066062;MATIZADOR;KERATON SHINE MASK CHOCOLATE 240G;TRATAMENTO;4350
7896380660636;MATIZADOR;KERATON SHINE MASK PRETO AZL 240G;TRATAMENTO;4351
789638066063;MATIZADOR;KERATON SHINE MASK PRETO AZL 240G;TRATAMENTO;4351
7896380660643;MATIZADOR;KERATON SHINE MASK GELO 240G;TRATAMENTO;4352
7896380660650;MATIZADOR;KERATON SHINE MASK PRATA 240G;TRATAMENTO;4353
789638066065;MATIZADOR;KERATON SHINE MASK PRATA 240G;TRATAMENTO;4353
7896380660667;MATIZADOR;KERATON SHINE MASK PEROLA 240G;TRATAMENTO;4354
789638066066;MATIZADOR;KERATON SHINE MASK PEROLA 240G;TRATAMENTO;4354
7896380660674;MATIZADOR;KERATON SHINE MASK VERMELHO 240G;TRATAMENTO;4355
789638066067;MATIZADOR;KERATON SHINE MASK VERMELHO 240G;TRATAMENTO;4355
7896380660681;MATIZADOR;KERATON SHINE MASK COBRE 240G;TRATAMENTO;4356
789638066068;MATIZADOR;KERATON SHINE MASK COBRE 240G;TRATAMENTO;4356
7896380660698;MATIZADOR;KERATON SHINE MASK MARSALA 240G;TRATAMENTO;4357
789638066069;MATIZADOR;KERATON SHINE MASK MARSALA 240G;TRATAMENTO;4357
7896380660735;FINALIZADORES;KERATON ANTIQUEDA 140ML;TRATAMENTO;4374
789638066073;FINALIZADORES;KERATON ANTIQUEDA 140ML;TRATAMENTO;4374
7896380660742;FINALIZADORES;KERATON PRO QUERATINA LIQUIDA 140ML;TRATAMENTO;4375
789638066074;FINALIZADORES;KERATON PRO QUERATINA LIQUIDA 140ML;TRATAMENTO;4375
7896380660759;FINALIZADORES;KERATON RMC REPAIR 140ML;TRATAMENTO;4376
7896380660728;FINALIZADORES;KERATON SERUM ANTIFRIZZ 50ML;TRATAMENTO;4377
789638066072;FINALIZADORES;KERATON SERUM ANTIFRIZZ 50ML;TRATAMENTO;4377
7896380660957;FINALIZADORES;KERATON EPIC OIL 50ML;TRATAMENTO;4378
37896380660958;FINALIZADORES;KERATON EPIC OIL 50ML;TRATAMENTO;4378
